file	repository	source	commit	source_sha256	author	license	changed	note
icons/cards/me-acceleration-card.png	https://github.com/GTNewHorizons/Applied-Energistics-2-Unofficial	src/main/resources/assets/appliedenergistics2/textures/items/ItemMaterial.CardSpeed.png	ab15e3a7259cbd9a7088138fade46e5f6f02ad18	c157305f85930b1ab73c312c4bf06a96870d959f0c6f849094cca296b9b3db8d	(c) 2013 - 2015 AlgorithmX2 et al	CC BY-NC-SA 3.0	yes	icon of module/me-acceleration-card; scaled from 16 x 16 to 32 x 32 (x2, nearest neighbour, no new pixels; saved as RGBA) by tools/scale_ae2_icons.py
icons/cards/me-advanced-card.png	https://github.com/GTNewHorizons/Applied-Energistics-2-Unofficial	src/main/resources/assets/appliedenergistics2/textures/items/ItemMaterial.AdvCard.png	ab15e3a7259cbd9a7088138fade46e5f6f02ad18	13ae94e1539efa31a64138616f986898c235ca856033f0938be98317f4ecca3f	(c) 2013 - 2015 AlgorithmX2 et al	CC BY-NC-SA 3.0	yes	icon of item/me-advanced-card; scaled from 16 x 16 to 32 x 32 (x2, nearest neighbour, no new pixels; saved as RGBA) by tools/scale_ae2_icons.py
icons/cards/me-basic-card.png	https://github.com/GTNewHorizons/Applied-Energistics-2-Unofficial	src/main/resources/assets/appliedenergistics2/textures/items/ItemMaterial.BasicCard.png	ab15e3a7259cbd9a7088138fade46e5f6f02ad18	337e7e87b509144acdac7d3c0e5b2ef13ba972f7717efce5e652345a699948af	(c) 2013 - 2015 AlgorithmX2 et al	CC BY-NC-SA 3.0	yes	icon of item/me-basic-card; scaled from 16 x 16 to 32 x 32 (x2, nearest neighbour, no new pixels; saved as RGBA) by tools/scale_ae2_icons.py
icons/cards/me-capacity-card.png	https://github.com/GTNewHorizons/Applied-Energistics-2-Unofficial	src/main/resources/assets/appliedenergistics2/textures/items/ItemMaterial.CardCapacity.png	ab15e3a7259cbd9a7088138fade46e5f6f02ad18	3a567d06ba0056f7bf34448f0d70a680f148980af5cae89dace96062d501a700	(c) 2013 - 2015 AlgorithmX2 et al	CC BY-NC-SA 3.0	yes	icon of item/me-capacity-card; scaled from 16 x 16 to 32 x 32 (x2, nearest neighbour, no new pixels; saved as RGBA) by tools/scale_ae2_icons.py
icons/cards/me-equal-distribution-card.png	https://github.com/GTNewHorizons/Applied-Energistics-2-Unofficial	src/main/resources/assets/appliedenergistics2/textures/items/ItemMaterial.CardDistribution.png	ab15e3a7259cbd9a7088138fade46e5f6f02ad18	039e8ba0404c538e09a3a8c7867d9fe7c5be599607b7d049c24dcdcb1a326f63	(c) 2013 - 2015 AlgorithmX2 et al	CC BY-NC-SA 3.0	yes	icon of item/me-equal-distribution-card; scaled from 16 x 16 to 32 x 32 (x2, nearest neighbour, no new pixels; saved as RGBA) by tools/scale_ae2_icons.py
icons/cards/me-fuzzy-card.png	https://github.com/GTNewHorizons/Applied-Energistics-2-Unofficial	src/main/resources/assets/appliedenergistics2/textures/items/ItemMaterial.CardFuzzy.png	ab15e3a7259cbd9a7088138fade46e5f6f02ad18	43932069c41dc5bf6a0b3d25578dfa84d18671f356cde53961eb8b0ea704ba90	(c) 2013 - 2015 AlgorithmX2 et al	CC BY-NC-SA 3.0	yes	icon of item/me-fuzzy-card; scaled from 16 x 16 to 32 x 32 (x2, nearest neighbour, no new pixels; saved as RGBA) by tools/scale_ae2_icons.py
icons/cards/me-inverter-card.png	https://github.com/GTNewHorizons/Applied-Energistics-2-Unofficial	src/main/resources/assets/appliedenergistics2/textures/items/ItemMaterial.CardInverter.png	ab15e3a7259cbd9a7088138fade46e5f6f02ad18	c75f388f92d128b2c1011676c26ef37fe3b1373d9ab62f8335691c04817bbc8a	(c) 2013 - 2015 AlgorithmX2 et al	CC BY-NC-SA 3.0	yes	icon of item/me-inverter-card; scaled from 16 x 16 to 32 x 32 (x2, nearest neighbour, no new pixels; saved as RGBA) by tools/scale_ae2_icons.py
icons/cards/me-overflow-destruction-card.png	https://github.com/GTNewHorizons/Applied-Energistics-2-Unofficial	src/main/resources/assets/appliedenergistics2/textures/items/ItemMaterial.CardVoidOverflow.png	ab15e3a7259cbd9a7088138fade46e5f6f02ad18	bf379523b309bd2d48baddffa2876bfac6fd41cdf59f8c17628939e09d52dfa1	(c) 2013 - 2015 AlgorithmX2 et al	CC BY-NC-SA 3.0	yes	icon of item/me-overflow-destruction-card; scaled from 16 x 16 to 32 x 32 (x2, nearest neighbour, no new pixels; saved as RGBA) by tools/scale_ae2_icons.py
icons/cards/me-pattern-capacity-card.png	https://github.com/GTNewHorizons/Applied-Energistics-2-Unofficial	src/main/resources/assets/appliedenergistics2/textures/items/ItemMaterial.CardPatternCapacity.png	ab15e3a7259cbd9a7088138fade46e5f6f02ad18	7da77793a582bdb027c8f1823610dc4f76fe5e660fb0e3ac4f926a38dee703f1	(c) 2013 - 2015 AlgorithmX2 et al	CC BY-NC-SA 3.0	yes	icon of item/me-pattern-capacity-card; scaled from 16 x 16 to 32 x 32 (x2, nearest neighbour, no new pixels; saved as RGBA) by tools/scale_ae2_icons.py
icons/cards/me-sticky-card.png	https://github.com/GTNewHorizons/Applied-Energistics-2-Unofficial	src/main/resources/assets/appliedenergistics2/textures/items/ItemMaterial.CardSticky.png	ab15e3a7259cbd9a7088138fade46e5f6f02ad18	425365f67169d4859c436525485c627af51b7292d2b3ec0e673eef116461180a	(c) 2013 - 2015 AlgorithmX2 et al	CC BY-NC-SA 3.0	yes	icon of item/me-sticky-card; scaled from 16 x 16 to 32 x 32 (x2, nearest neighbour, no new pixels; saved as RGBA) by tools/scale_ae2_icons.py
icons/cells/basic-storage-housing.png	https://github.com/GTNewHorizons/Applied-Energistics-2-Unofficial	src/main/resources/assets/appliedenergistics2/textures/items/ItemMaterial.EmptyStorageCell.png	ab15e3a7259cbd9a7088138fade46e5f6f02ad18	defb9ec9b9e9a692e03b599d30373d7cc5d2929615d61419b337cdb16b3a7f9b	(c) 2013 - 2015 AlgorithmX2 et al	CC BY-NC-SA 3.0	yes	icon of item/basic-storage-housing; scaled from 16 x 16 to 32 x 32 (x2, nearest neighbour, no new pixels; saved as RGBA) by tools/scale_ae2_icons.py
icons/cells/me-16k-storage-cell.png	https://github.com/GTNewHorizons/Applied-Energistics-2-Unofficial	src/main/resources/assets/appliedenergistics2/textures/items/ItemBasicStorageCell.16k.png	ab15e3a7259cbd9a7088138fade46e5f6f02ad18	d5ae3e351bd199fe8fa5bc86d66146e812fd2cbbf10ec0c15f1d1b0f58d344ae	(c) 2013 - 2015 AlgorithmX2 et al	CC BY-NC-SA 3.0	yes	icon of item-with-tags/me-16k-storage-cell; scaled from 16 x 16 to 64 x 64 (x4, nearest neighbour, no new pixels; saved as RGBA) by tools/scale_ae2_icons.py
icons/cells/me-16k-storage-component.png	https://github.com/GTNewHorizons/Applied-Energistics-2-Unofficial	src/main/resources/assets/appliedenergistics2/textures/items/ItemMaterial.Cell16kPart.png	ab15e3a7259cbd9a7088138fade46e5f6f02ad18	8b59057621bc33ab3e6d3a0d8d21fe84513dcaa75c7944fc057740ce509bc853	(c) 2013 - 2015 AlgorithmX2 et al	CC BY-NC-SA 3.0	yes	icon of item/me-16k-storage-component; scaled from 16 x 16 to 32 x 32 (x2, nearest neighbour, no new pixels; saved as RGBA) by tools/scale_ae2_icons.py
icons/cells/me-1k-storage-cell.png	https://github.com/GTNewHorizons/Applied-Energistics-2-Unofficial	src/main/resources/assets/appliedenergistics2/textures/items/ItemBasicStorageCell.1k.png	ab15e3a7259cbd9a7088138fade46e5f6f02ad18	7ef1c4d011a10776492c9fc31af5c7fc4eeeafd45ddfe83dfbaf3700980b0d18	(c) 2013 - 2015 AlgorithmX2 et al	CC BY-NC-SA 3.0	yes	icon of item-with-tags/me-1k-storage-cell; scaled from 16 x 16 to 64 x 64 (x4, nearest neighbour, no new pixels; saved as RGBA) by tools/scale_ae2_icons.py
icons/cells/me-1k-storage-component.png	https://github.com/GTNewHorizons/Applied-Energistics-2-Unofficial	src/main/resources/assets/appliedenergistics2/textures/items/ItemMaterial.Cell1kPart.png	ab15e3a7259cbd9a7088138fade46e5f6f02ad18	51c6241f5fd40a519bb7f6ee75ff2b480f7a7e235e57209ac7dc4803def7b163	(c) 2013 - 2015 AlgorithmX2 et al	CC BY-NC-SA 3.0	yes	icon of item/me-1k-storage-component; scaled from 16 x 16 to 32 x 32 (x2, nearest neighbour, no new pixels; saved as RGBA) by tools/scale_ae2_icons.py
icons/cells/me-256k-storage-cell.png	https://github.com/GTNewHorizons/Applied-Energistics-2-Unofficial	src/main/resources/assets/appliedenergistics2/textures/items/ItemAdvancedStorageCell.256k.png	ab15e3a7259cbd9a7088138fade46e5f6f02ad18	7f83da5ccbe9257401307a38101fa4ed35a0fa9b76cd3e8e2d4c6a5eeec7c7ca	(c) 2013 - 2015 AlgorithmX2 et al	CC BY-NC-SA 3.0	yes	icon of item-with-tags/me-256k-storage-cell; scaled from 16 x 16 to 64 x 64 (x4, nearest neighbour, no new pixels; saved as RGBA) by tools/scale_ae2_icons.py
icons/cells/me-256k-storage-component.png	https://github.com/GTNewHorizons/Applied-Energistics-2-Unofficial	src/main/resources/assets/appliedenergistics2/textures/items/ItemMaterial.Cell256kPart.png	ab15e3a7259cbd9a7088138fade46e5f6f02ad18	dc1144336b9b63f31c626889ade743a7f8b33f42ec0353ef98696f72aa046fa6	(c) 2013 - 2015 AlgorithmX2 et al	CC BY-NC-SA 3.0	yes	icon of item/me-256k-storage-component; scaled from 16 x 16 to 32 x 32 (x2, nearest neighbour, no new pixels; saved as RGBA) by tools/scale_ae2_icons.py
icons/cells/me-4k-storage-cell.png	https://github.com/GTNewHorizons/Applied-Energistics-2-Unofficial	src/main/resources/assets/appliedenergistics2/textures/items/ItemBasicStorageCell.4k.png	ab15e3a7259cbd9a7088138fade46e5f6f02ad18	a592e8b27d7de2bb2a9f1dae91368edf4aeead245f98b69c3d738b7fe93000b6	(c) 2013 - 2015 AlgorithmX2 et al	CC BY-NC-SA 3.0	yes	icon of item-with-tags/me-4k-storage-cell; scaled from 16 x 16 to 64 x 64 (x4, nearest neighbour, no new pixels; saved as RGBA) by tools/scale_ae2_icons.py
icons/cells/me-4k-storage-component.png	https://github.com/GTNewHorizons/Applied-Energistics-2-Unofficial	src/main/resources/assets/appliedenergistics2/textures/items/ItemMaterial.Cell4kPart.png	ab15e3a7259cbd9a7088138fade46e5f6f02ad18	b65dfa225fd04344b8f08a051f0184b5bfa70d6b8ec3cc1ec2e789fc6d25dc9c	(c) 2013 - 2015 AlgorithmX2 et al	CC BY-NC-SA 3.0	yes	icon of item/me-4k-storage-component; scaled from 16 x 16 to 32 x 32 (x2, nearest neighbour, no new pixels; saved as RGBA) by tools/scale_ae2_icons.py
icons/cells/me-64k-storage-cell.png	https://github.com/GTNewHorizons/Applied-Energistics-2-Unofficial	src/main/resources/assets/appliedenergistics2/textures/items/ItemBasicStorageCell.64k.png	ab15e3a7259cbd9a7088138fade46e5f6f02ad18	288adb86c200da2d37f97d99b6789b4fbe83166a5aa46658121e83cbcb695f0e	(c) 2013 - 2015 AlgorithmX2 et al	CC BY-NC-SA 3.0	yes	icon of item-with-tags/me-64k-storage-cell; scaled from 16 x 16 to 64 x 64 (x4, nearest neighbour, no new pixels; saved as RGBA) by tools/scale_ae2_icons.py
icons/cells/me-64k-storage-component.png	https://github.com/GTNewHorizons/Applied-Energistics-2-Unofficial	src/main/resources/assets/appliedenergistics2/textures/items/ItemMaterial.Cell64kPart.png	ab15e3a7259cbd9a7088138fade46e5f6f02ad18	0160079a53b59ac29fe5509e594c0f3b6cf074daf03bc7ed6ce7c0f5b8e61345	(c) 2013 - 2015 AlgorithmX2 et al	CC BY-NC-SA 3.0	yes	icon of item/me-64k-storage-component; scaled from 16 x 16 to 32 x 32 (x2, nearest neighbour, no new pixels; saved as RGBA) by tools/scale_ae2_icons.py
icons/patterns/me-blank-pattern.png	https://github.com/GTNewHorizons/Applied-Energistics-2-Unofficial	src/main/resources/assets/appliedenergistics2/textures/items/ItemMaterial.BlankPattern.png	ab15e3a7259cbd9a7088138fade46e5f6f02ad18	3808f0174d192087db4717ca7a1f2e3fcc5ffb74a1adaabf624a5f0d56c3274e	(c) 2013 - 2015 AlgorithmX2 et al	CC BY-NC-SA 3.0	yes	icon of item/me-blank-pattern; scaled from 16 x 16 to 32 x 32 (x2, nearest neighbour, no new pixels; saved as RGBA) by tools/scale_ae2_icons.py
icons/patterns/me-encoded-pattern.png	https://github.com/GTNewHorizons/Applied-Energistics-2-Unofficial	src/main/resources/assets/appliedenergistics2/textures/items/ItemEncodedPattern.png	ab15e3a7259cbd9a7088138fade46e5f6f02ad18	bb27cc9776aeb9ad8d51464adc306971684902ae47244e522cdea7a4e151d290	(c) 2013 - 2015 AlgorithmX2 et al	CC BY-NC-SA 3.0	yes	icon of item-with-tags/me-encoded-pattern; scaled from 16 x 16 to 32 x 32 (x2, nearest neighbour, no new pixels; saved as RGBA) by tools/scale_ae2_icons.py
