file	sha256	source
graphics/icons/basic-storage-housing.png	35be54f7587a4e89c6dff0a4636786a1f85d64401cfaca77f3deb11805e9fed8	v0.1.9-upstream
graphics/icons/fluix-cable.png	7a11b40fedb778f70fbae359c06451dc449155184f6fdd46acf6c62c20a2ddd9	v0.1.9-upstream
graphics/icons/me-16k-storage-component.png	045e1075a704075099c13d55170dea13caf634c79abf07bd395e75d51a909745	v0.1.9-upstream
graphics/icons/me-16m-storage-component.png	39631e683fe8699a94d55407ef35610c12e2f82368a95dc790d50ebf0c9f879b	v0.1.9-upstream
graphics/icons/me-1k-storage-component.png	edb266723392b48f3bcf4f3a8669449d0359b086b2c4b9a7f0a3842c5a804fef	v0.1.9-upstream
graphics/icons/me-1m-storage-component.png	b8fb03cf636fdbabfd34e75942e24b6ee2fa01b73ca6f664cbb14beee50bdbac	v0.1.9-upstream
graphics/icons/me-256k-storage-component.png	e33e675d8b09ab020400aee9d15a6d6a230d13e944a4f59c60215d4dd5d9ff0e	v0.1.9-upstream
graphics/icons/me-256m-storage-component.png	cabc6f5c642dcedde43e1375f9cf4972fda25562317f5611e341ce60acc38904	v0.1.9-upstream
graphics/icons/me-4k-storage-component.png	f0d7b2df208aea35cd6d84977ba098177b73d49bd798cb6b9757573a69377770	v0.1.9-upstream
graphics/icons/me-4m-storage-component.png	83dc34ceb271e41c25ef160e905b75c658a5642e926e4b60a81b34337598470b	v0.1.9-upstream
graphics/icons/me-64k-storage-component.png	9238d70bfa1cb22b8211b37d757d02cdc404ab3f1a752f5de12884480ac7bcbc	v0.1.9-upstream
graphics/icons/me-64m-storage-component.png	5939aa4a8ddb010c99b596566eff56b9d6699166866a5d8d2a3d447b1eb0baf7	v0.1.9-upstream
graphics/icons/me-chest.png	e271551c43a9daa4103fd57292f73c3545310b74e91326d69eaa70fc480d9720	v0.1.9-upstream
graphics/icons/me-controller.png	bd62f05727b5362f4987ea691dbe4769e99602b36dde7dc2d09ef5c5e26f789f	v0.1.9-upstream
graphics/icons/me-drive.png	e86253f6864d476a6fcba861dc2f25921f44c99a2daa5d89d4af5ee5c29e8f43	v0.1.9-upstream
graphics/icons/me-interface.png	dfe3ce85a4f6b8ea309ead726399877098f6493cad2e6abb225b83743963226e	v0.1.9-upstream
graphics/icons/me-terminal.png	80672239dc26e5c30bc5f836460b3a758ff8776acae7ecf3b701c3e8863bb98b	v0.1.9-upstream
